title,company,location,link
Modern Software Engineer,Stellar Science,"Vienna, VA",https://stackoverflow.com/jobs/526756
Sr. Python Software Engineer,Global Reach Consulting LLC,"Reston, VA",https://stackoverflow.com/jobs/417839
"Manager, Application Development and Integration",The Pew Charitable Trusts,"Washington, DC",https://stackoverflow.com/jobs/527421
Senior Full Stack Software Engineer - Lagoon,The Washington Post,"Washington, DC",https://stackoverflow.com/jobs/529280
"Software Engineer, Tech College",Capital One Financial Corporation,"Vienna, VA",https://stackoverflow.com/jobs/527196
Full Stack Software Engineer,Global Reach Consulting LLC,"Reston, VA",https://stackoverflow.com/jobs/417794
"Software Engineer, Tech College",Capital One Financial Corporation,"Vienna, VA",https://stackoverflow.com/jobs/527257
"Sr Manager, Software Engineering (United Income)",Capital One Financial Corporation,"McLean, VA",https://stackoverflow.com/jobs/527282
Senior Full-Stack Engineer (United Income),Capital One Financial Corporation,"McLean, VA",https://stackoverflow.com/jobs/527210
Front End Software Engineer,Global Reach Consulting LLC,"Reston, VA",https://stackoverflow.com/jobs/417838
Software Engineer,MITRE,"McLean, VA",https://stackoverflow.com/jobs/523956
Full Stack Java Developer (Top Secret Clearance),Barbaricum,"Washington, DC",https://stackoverflow.com/jobs/466489
ArcGIS Hub DevOps Engineer,Esri,"Arlington, VA",https://stackoverflow.com/jobs/523824
Software Engineer,"Amobee, Inc","Reston, VA",https://stackoverflow.com/jobs/527941
software Engineer II,"Xometry, Inc.","Bethesda, MD",https://stackoverflow.com/jobs/527178
"Senior Director, Software Engineering",Capital One Financial Corporation,"McLean, VA",https://stackoverflow.com/jobs/527299
"Manager, Data Engineering",Capital One Financial Corporation,"McLean, VA",https://stackoverflow.com/jobs/527221
Data Engineer,"DC Energy, LLC","Vienna, VA",https://stackoverflow.com/jobs/88064
Cybersecurity Engineer,MITRE,"McLean, VA",https://stackoverflow.com/jobs/523957
Lead Hardware/Software Developer,Two Six Labs,"Arlington, VA",https://stackoverflow.com/jobs/465817
Senior Data Analytics Engineer,Barbaricum,"Springfield, VA",https://stackoverflow.com/jobs/527943
Software Development Engineer,Amazon Web Services,"Arlington, VA",https://stackoverflow.com/jobs/489697
Senior/Lead Operations Research Analyst,MITRE,"McLean, VA",https://stackoverflow.com/jobs/514907
Master Software Engineer - ICM Varicent,Capital One Financial Corporation,"McLean, VA",https://stackoverflow.com/jobs/527192
Cellular Microservices Developer,MITRE,"McLean, VA",https://stackoverflow.com/jobs/515363
Senior DevOps Engineer,Higher Logic,"Arlington, VA",https://stackoverflow.com/jobs/529128
Senior Data Scientist (NLP),Parenthetic,"Arlington, VA",https://stackoverflow.com/jobs/477596
Artificial Intelligence / Autonomy Engineer,MITRE,"McLean, VA",https://stackoverflow.com/jobs/523955
Sr. DevOps Engineer,Global Reach Consulting LLC,"Reston, VA",https://stackoverflow.com/jobs/417795
"Artificial Intelligence / Machine Learning, Lead",MITRE,"McLean, VA",https://stackoverflow.com/jobs/522061
Distinguished Solutions Architect,Capital One Financial Corporation,"McLean, VA",https://stackoverflow.com/jobs/528540
Senior Microsoft Azure Cloud Engineer,MITRE,"McLean, VA",https://stackoverflow.com/jobs/514492
Data Science and Analytics Engineer,MITRE,"McLean, VA",https://stackoverflow.com/jobs/523959
IT Service Management Practitioner,MITRE,"McLean, VA",https://stackoverflow.com/jobs/515350
Lead DevOps Practitioner,MITRE,"McLean, VA",https://stackoverflow.com/jobs/514496
Sr. Cloud Architect (Can be Remote),Element 84,"Alexandria, VA",https://stackoverflow.com/jobs/516950
Senior DevOps Platform Delivery Engineer,MITRE,"McLean, VA",https://stackoverflow.com/jobs/528317
Azure Network/Cloud Engineer (TS Clearance Required),Intevity,"Arlington, VA",https://stackoverflow.com/jobs/524793
System Administrator,"Ridgeline International, Inc.","Tysons, VA",https://stackoverflow.com/jobs/524597
Senior Security Engineer,"Comscore, Inc.","Reston, VA",https://stackoverflow.com/jobs/527985
Electrical Engineer,MITRE,"McLean, VA",https://stackoverflow.com/jobs/523954
Sr. Software Development Engineer - AWS Identity,Amazon Web Services,"Herndon, VA",https://stackoverflow.com/jobs/435463
"Computer Tech Instructor - AWS, Google IT","Britepaths, Inc.","Alexandria, VA",https://www.indeed.com/viewjob?jk=eaf7e829594304e0&q=python&l=Springfield%2C+VA&tk=1f7p7rd5rs9v5802&from=web&vjs=3
Technology Analyst,Sightline Systems Corporation,"Fairfax, VA",https://www.indeed.com/viewjob?jk=e75f4544cb35937d&q=python&l=Springfield%2C+VA&tk=1f7p7rd5rs9v5802&from=web&vjs=3
Business Intelligence Analyst I,Navy Federal Credit Union,"Vienna, VA",https://www.indeed.com/viewjob?jk=bf4cce5300c34c4a&q=python&l=Springfield%2C+VA&tk=1f7p7rd5rs9v5802&from=web&vjs=3
Master Python Engineer,Capital One,"Annandale, VA",https://www.indeed.com/viewjob?jk=d3fa5666879ea4a5&q=python&l=Springfield%2C+VA&tk=1f7p7rd5rs9v5802&from=web&vjs=3
Cartographic Analyst-Day Shift-Apprentice,Leidos,"Springfield, VA",https://www.indeed.com/viewjob?jk=ccea6578d581562f&q=python&l=Springfield%2C+VA&tk=1f7p7rd5rs9v5802&from=web&vjs=3
Financial Model Development Professional,Freddie Mac,"McLean, VA",https://www.indeed.com/viewjob?jk=d1a6818ad496420f&q=python&l=Springfield%2C+VA&tk=1f7p7rd5rs9v5802&from=web&vjs=3
"CODA Instructor, Software Engineer- Tech College",Capital One,"Clifton, VA",https://www.indeed.com/viewjob?jk=90bd1f0aa9f37f3e&q=python&l=Springfield%2C+VA&tk=1f7p7rd5rs9v5802&from=web&vjs=3
Tech Summer Camp Staff (Teachers & Assistants),Black Rocket Productions,"Fairfax, VA",https://www.indeed.com/viewjob?jk=01d4df4d54f3e108&q=python&l=Springfield%2C+VA&tk=1f7p7rd5rs9v5802&from=web&vjs=3
Agile Development Professional,Freddie Mac,"McLean, VA",https://www.indeed.com/viewjob?jk=c7068fa7fa95a08d&q=python&l=Springfield%2C+VA&tk=1f7p7rd5rs9v5802&from=web&vjs=3
Reporting Analytics Associate (Python),PRICE WATERHOUSE COOPERS,"Washington, DC",https://www.indeed.com/viewjob?jk=521ea73c1ccfbd6d&q=python&l=Springfield%2C+VA&tk=1f7p7rd5rs9v5802&from=web&vjs=3
"Functional Analytics Consultant - Dashboarding, PowerBI, and stakeholder engagement",Deloitte,"Arlington, VA",https://www.indeed.com/viewjob?jk=78bfa9b0a9747b11&q=python&l=Springfield%2C+VA&tk=1f7p7rd5rs9v5802&from=web&vjs=3
Entry-Level Software Developer,MagView,"Washington, DC",https://www.indeed.com/viewjob?jk=82bd0f24e1ef538d&q=python&l=Springfield%2C+VA&tk=1f7p7rd5rs9v5802&from=web&vjs=3
Data Center Technician,"Amazon Data Services, Inc.","Chantilly, VA",https://www.indeed.com/viewjob?jk=d3099be935610d80&q=python&l=Springfield%2C+VA&tk=1f7p7rd5rs9v5802&from=web&vjs=3
Entry Level Chinese Language Intelligence Analyst,Leidos,"Reston, VA",https://www.indeed.com/viewjob?jk=d213e03dc4505095&q=python&l=Springfield%2C+VA&tk=1f7p7rd5rs9v5802&from=web&vjs=3
Fraud Investigations Analyst,"Amazon Web Services, Inc.","Arlington, VA",https://www.indeed.com/viewjob?jk=3ae173cf089c6edc&q=python&l=Springfield%2C+VA&tk=1f7p7rd5rs9v5802&from=web&vjs=3
Quality Engineer - Telecommute,UnitedHealth Group,"Herndon, VA",https://www.indeed.com/viewjob?jk=cfcab5451fb0f8f9&q=python&l=Springfield%2C+VA&tk=1f7p7rd5rs9v5802&from=web&vjs=3
Data Visualization Analyst,Nolij Consulting,"Vienna, VA",https://www.indeed.com/viewjob?jk=639d1880e6cea0c1&q=python&l=Springfield%2C+VA&tk=1f7p7rd5rs9v5802&from=web&vjs=3
"Intelligence Research Specialist, GS-0132-12",US U.S. Coast Guard,"Springfield, VA",https://www.indeed.com/viewjob?jk=61ed5a81f1c0b9b2&q=python&l=Springfield%2C+VA&tk=1f7p7rd5rs9v5802&from=web&vjs=3
Security Incident Response Consultant,"CGI Group, Inc.","Fairfax, VA",https://www.indeed.com/viewjob?jk=b08e63e960604eac&q=python&l=Springfield%2C+VA&tk=1f7p7rd5rs9v5802&from=web&vjs=3
Marketing Data Analyst,"Stride, Inc.","Herndon, VA",https://www.indeed.com/viewjob?jk=9cbba5d4c122b329&q=python&l=Springfield%2C+VA&tk=1f7p7rd5rs9v5802&from=web&vjs=3
Student Cooperative for RISC (PAID),"US Office of the Inspector General, USPS","Arlington, VA",https://www.indeed.com/viewjob?jk=f5a341380b29c277&q=python&l=Springfield%2C+VA&tk=1f7p7rd5rs9v5802&from=web&vjs=3
Sr Analyst People Analytics,Nestle USA,"Arlington, VA",https://www.indeed.com/viewjob?jk=7f8bcb6d10436600&q=python&l=Springfield%2C+VA&tk=1f7p7rd5rs9v5802&from=web&vjs=3
Cybersecurity Associate,Mitre Corporation,"McLean, VA",https://www.indeed.com/viewjob?jk=07526a6217794961&q=python&l=Springfield%2C+VA&tk=1f7p7rd5rs9v5802&from=web&vjs=3
Research Specialist - Africa,Tesla Government,"Falls Church, VA",https://www.indeed.com/viewjob?jk=9610e5f17ff83760&q=python&l=Springfield%2C+VA&tk=1f7p7rd5rs9v5802&from=web&vjs=3
Library and Information Specialist II,IFPRI (International Food Policy Research Institut...,"Washington, DC",https://www.indeed.com/viewjob?jk=8fd77e0e2e25739a&q=python&l=Springfield%2C+VA&tk=1f7p7rd5rs9v5802&from=web&vjs=3
Data Analyst,Sophinea Corporation,"Arlington, VA",https://www.indeed.com/viewjob?jk=95dada721a29dbe7&q=python&l=Springfield%2C+VA&tk=1f7p7rd5rs9v5802&from=web&vjs=3
Senior Manager - Information Security,Freddie Mac,"McLean, VA",https://www.indeed.com/viewjob?jk=53936fa6ad6598d5&q=python&l=Springfield%2C+VA&tk=1f7p7rd5rs9v5802&from=web&vjs=3
Modeling and Analytics Opportunities - all experience levels,Freddie Mac,"McLean, VA",https://www.indeed.com/viewjob?jk=806c952833c2adbd&q=python&l=Springfield%2C+VA&tk=1f7p7rd5rs9v5802&from=web&vjs=3
"Consultant, People Analytics",Aon,"Washington, DC",https://www.indeed.com/viewjob?jk=8ef05aeb81d771e2&q=python&l=Springfield%2C+VA&tk=1f7p7rd5rs9v5802&from=web&vjs=3
COMPUTER SPECIALIST,Prince William County Public Schools,"Woodbridge, VA",https://www.indeed.com/viewjob?jk=2c25c98887adb37b&q=python&l=Springfield%2C+VA&tk=1f7p7rd5rs9v5802&from=web&vjs=3
Research Associate â€“ Quantitative Analysis,Institute for Defense Analyses,"Alexandria, VA",https://www.indeed.com/viewjob?jk=9d38299023aa3421&q=python&l=Springfield%2C+VA&tk=1f7p7rd5rs9v5802&from=web&vjs=3
Forecasting Business Analyst,Amazon.com Services LLC,"Arlington, VA",https://www.indeed.com/viewjob?jk=5a643e996e70e5a9&q=python&l=Springfield%2C+VA&tk=1f7p7rd5rs9v5802&from=web&vjs=3
Data Center Operations Engineer,Facebook,"Ashburn, VA",https://www.indeed.com/viewjob?jk=0c29e11d9ba8cc0c&q=python&l=Springfield%2C+VA&tk=1f7p7rd5rs9v5802&from=web&vjs=3
Junior Developer,OTOT Technologies,"Arlington, VA",https://www.indeed.com/viewjob?jk=77cefa115606a7f8&q=python&l=Springfield%2C+VA&tk=1f7p7rd5rs9v5802&from=web&vjs=3
Human Resources Analyst,Central Intelligence Agency,"Washington, DC",https://www.indeed.com/viewjob?jk=f3eee940d8b42040&q=python&l=Springfield%2C+VA&tk=1f7p7rd5rs9v5802&from=web&vjs=3
"Financial Technology Instructor - George Washington University (Arlington, VA)",Trilogy Education,"Arlington County, VA",https://www.indeed.com/viewjob?jk=165f273762a6b00f&q=python&l=Springfield%2C+VA&tk=1f7p7rd5rs9v5802&from=web&vjs=3
DATA SCIENTISTS,INBOX AMERICA CONSULTING SERVICES,"Alexandria, VA",https://www.indeed.com/viewjob?jk=ddf4b102b4520fc2&q=python&l=Springfield%2C+VA&tk=1f7p7rd5rs9v5802&from=web&vjs=3
Geodetic Orbit Scientist,National Geospatial-Intelligence Agency,"Springfield, VA",https://www.indeed.com/viewjob?jk=0eb2bca82c6215f9&q=python&l=Springfield%2C+VA&tk=1f7p7rd5rs9v5802&from=web&vjs=3
Data Analytics Associate,General Dynamics Information Technology,"Washington, DC",https://www.indeed.com/viewjob?jk=7f7beb605a1d155e&q=python&l=Springfield%2C+VA&tk=1f7p7rd5rs9v5802&from=web&vjs=3
Survey Developer,ICF,"Fairfax, VA",https://www.indeed.com/viewjob?jk=0f11c935c29ebd51&q=python&l=Springfield%2C+VA&tk=1f7p7rd5rs9v5802&from=web&vjs=3
Data Science Associate,The Urban Institute,"Washington, DC",https://www.indeed.com/viewjob?jk=1d2030e569c4e5bd&q=python&l=Springfield%2C+VA&tk=1f7p7rd5rs9v5802&from=web&vjs=3
Global Risk MIS Analyst,Visa,"Arlington, VA",https://www.indeed.com/viewjob?jk=e167353987636ba9&q=python&l=Springfield%2C+VA&tk=1f7p7rd5rs9v5802&from=web&vjs=3
GIS Analyst,ICF,"Washington, DC",https://www.indeed.com/viewjob?jk=4bafcba985bcbdf0&q=python&l=Springfield%2C+VA&tk=1f7p7rd5rs9v5802&from=web&vjs=3
Data Scientist,Visa,"Arlington, VA",https://www.indeed.com/viewjob?jk=f9b7602a6a4b0df0&q=python&l=Springfield%2C+VA&tk=1f7p7rd5rs9v5802&from=web&vjs=3
Physical and Technical Security Officer,Central Intelligence Agency,"Washington, DC",https://www.indeed.com/viewjob?jk=35f00093650c06b9&q=python&l=Springfield%2C+VA&tk=1f7p7rd5rs9v5802&from=web&vjs=3
Enterprise Data Associate,"Interos, Inc.","Arlington County, VA",https://www.indeed.com/viewjob?jk=d3283e208794ca36&q=python&l=Springfield%2C+VA&tk=1f7p7rd5rs9v5802&from=web&vjs=3
"Data Scientist with Python, Machine Learning, and MATLAB experience- Consultant",Deloitte,"Arlington, VA",https://www.indeed.com/viewjob?jk=45c3c2e998405f80&q=python&l=Springfield%2C+VA&tk=1f7p7rd5rs9v5802&from=web&vjs=3
Business Analyst,Cambridge Associates LLC,"Arlington, VA",https://www.indeed.com/viewjob?jk=57c882e46ee0790d&q=python&l=Springfield%2C+VA&tk=1f7p7rd5rs9v5802&from=web&vjs=3
Data Science/Analytics (Public Trust),General Dynamics Information Technology,"Alexandria, VA",https://www.indeed.com/viewjob?jk=6bcd5d483191b3a9&q=python&l=Springfield%2C+VA&tk=1f7p7rd5rs9v5802&from=web&vjs=3
"Financial Analyst, CG-1160-11/12",US Federal Deposit Insurance Corporation,"Washington, DC",https://www.indeed.com/viewjob?jk=6a49c776db45878d&q=python&l=Springfield%2C+VA&tk=1f7p7rd5rs9v5802&from=web&vjs=3
Forensic Auditor - OIG,Federal Reserve Board of Governors,"Washington, DC",https://www.indeed.com/viewjob?jk=d96d6fdb1c07401b&q=python&l=Springfield%2C+VA&tk=1f7p7rd5rs9v5802&from=web&vjs=3
Geodetic Orbit Scientist,National Geospatial-Intelligence Agency,"Springfield, VA",https://www.indeed.com/viewjob?jk=0eb2bca82c6215f9&q=python&l=Springfield%2C+VA&tk=1f7p7rd5rs9v5802&from=web&vjs=3
Information Technology Administrator - Entry Level,Zermount Inc.,"Arlington, VA",https://www.indeed.com/viewjob?jk=8469d6a77528847d&q=python&l=Springfield%2C+VA&tk=1f7p7rd5rs9v5802&from=web&vjs=3
Network Engineer,"Gromelski & Associates, Inc.","Manassas, VA",https://www.indeed.com/viewjob?jk=e487a7a0d3381f11&q=python&l=Springfield%2C+VA&tk=1f7p7rd5rs9v5802&from=web&vjs=3
Linux Administrator,"Latitude, Inc.","Fort Belvoir, VA",https://www.indeed.com/viewjob?jk=cca19ba5e7e0b3da&q=python&l=Springfield%2C+VA&tk=1f7p7rd5rs9v5802&from=web&vjs=3
Sr. Linux/Windows Systems Administrator (Partial Telework),CACI,"Alexandria, VA",https://www.indeed.com/viewjob?jk=dcd8192bd2b0ebf9&q=python&l=Springfield%2C+VA&tk=1f7p7rd5rs9v5802&from=web&vjs=3
Data Analyst,Apogee Integration LLC,"Springfield, VA",https://www.indeed.com/viewjob?jk=c51cedb6daffe9ed&q=python&l=Springfield%2C+VA&tk=1f7p7rd5rs9v5802&from=web&vjs=3
Senior Data Analyst,US Federal Trade Commission,"Washington, DC",https://www.indeed.com/viewjob?jk=d64823e31df8b78c&q=python&l=Springfield%2C+VA&tk=1f7p7rd5rs9v5802&from=web&vjs=3
Entry Level-Software Developer-2,Smoothstack,United States,https://www.indeed.com/viewjob?jk=6479ff1f297ea739&q=python&l=Springfield%2C+VA&tk=1f7p7rd5rs9v5802&from=web&vjs=3
Python Scripting Developer,NTT DATA Services,"Arlington, VA",https://www.indeed.com/viewjob?jk=69b3554d63905e95&q=python&l=Springfield%2C+VA&tk=1f7p7rd5rs9v5802&from=web&vjs=3
Security Engineer,Amazon.com Services LLC,"Arlington, VA",https://www.indeed.com/viewjob?jk=239bd4131ee167f3&q=python&l=Springfield%2C+VA&tk=1f7p7rd5rs9v5802&from=web&vjs=3
Epidemiologist,"International Consulting Associates, Inc (ICA)","Arlington, VA",https://www.indeed.com/viewjob?jk=60fb56b404503c19&q=python&l=Springfield%2C+VA&tk=1f7p7rd5rs9v5802&from=web&vjs=3
Fraud Investigations Analyst,"Amazon Web Services, Inc.","Arlington, VA",https://www.indeed.com/viewjob?jk=3ae173cf089c6edc&q=python&l=Springfield%2C+VA&tk=1f7p7rd5rs9v5802&from=web&vjs=3
Python & Java Programming - Online Instructor (K-12),Mindframe Education,"Ashburn, VA",https://www.indeed.com/viewjob?jk=970fec4ddd3c324f&q=python&l=Springfield%2C+VA&tk=1f7p7rd5rs9v5802&from=web&vjs=3
Sr Middleware Systems Architect,"The Consortium, Inc.","Reston, VA",https://www.indeed.com/viewjob?jk=0c55021b8e82b364&q=python&l=Springfield%2C+VA&tk=1f7p7rd5rs9v5802&from=web&vjs=3
Systems Administrator,"Amazon Data Services, Inc.","Herndon, VA",https://www.indeed.com/viewjob?jk=47de82fd06d30ca5&q=python&l=Springfield%2C+VA&tk=1f7p7rd5rs9v5802&from=web&vjs=3
Junior Python Engineer (Remote in US),Thresher,"Arlington, VA",https://www.indeed.com/viewjob?jk=991081447e4b0884&q=python&l=Springfield%2C+VA&tk=1f7p7rd5rs9v5802&from=web&vjs=3
RESEARCH PHYSICIST,US Office of Naval Research,"Washington, DC",https://www.indeed.com/viewjob?jk=5850ac1bb8c2295e&q=python&l=Springfield%2C+VA&tk=1f7p7rd5rs9v5802&from=web&vjs=3
Network Operating Center (NOC) Technician,VICTOR42,"Washington, DC",https://www.indeed.com/viewjob?jk=2d8d3f319e17ef90&q=python&l=Springfield%2C+VA&tk=1f7p7rd5rs9v5802&from=web&vjs=3
"DevOps Engineer(Java and Python Experience), w2 Position",Business Integra Inc,"McLean, VA",https://www.indeed.com/viewjob?jk=07ce63445b3a6fd8&q=python&l=Springfield%2C+VA&tk=1f7p7rd5rs9v5802&from=web&vjs=3
Data Scientist,AvalonBay Communities,"Arlington, VA",https://www.indeed.com/viewjob?jk=a417b8b4cd450fc5&q=python&l=Springfield%2C+VA&tk=1f7p7rd5rs9v5802&from=web&vjs=3
Tester (Quality Assurance Specialist),Logistics Management Institute,"Washington, DC",https://www.indeed.com/viewjob?jk=3e3e798e492c5bbd&q=python&l=Springfield%2C+VA&tk=1f7p7rd5rs9v5802&from=web&vjs=3
FBI Business Intelligence Engineer,Amazon.com Services LLC,"Arlington, VA",https://www.indeed.com/viewjob?jk=04d86769222a28ae&q=python&l=Springfield%2C+VA&tk=1f7p7rd5rs9v5802&from=web&vjs=3
Web Development Engineer,Amazon.com Services LLC,"Arlington, VA",https://www.indeed.com/viewjob?jk=ee879b6e1978c470&q=python&l=Springfield%2C+VA&tk=1f7p7rd5rs9v5802&from=web&vjs=3
CDAO Business Facing Data Analyst,General Motors,"Washington, DC",https://www.indeed.com/viewjob?jk=3d61f553f9f85d99&q=python&l=Springfield%2C+VA&tk=1f7p7rd5rs9v5802&from=web&vjs=3
IT Instructors,SyLearn Inc,"Reston, VA",https://www.indeed.com/viewjob?jk=e538ef2298dbf63a&q=python&l=Springfield%2C+VA&tk=1f7p7rd5rs9v5802&from=web&vjs=3
Workforce Management Program Manager,Amazon.com Services LLC,"Arlington, VA",https://www.indeed.com/viewjob?jk=ff257e199451d348&q=python&l=Springfield%2C+VA&tk=1f7p7rd5rs9v5802&from=web&vjs=3
"Software Engineer, Junior",Booz Allen Hamilton,"Herndon, VA",https://www.indeed.com/viewjob?jk=8237ef93e062df7e&q=python&l=Springfield%2C+VA&tk=1f7p7rd5rs9v5802&from=web&vjs=3
Python Application Developer,CEDENT,"Springfield, VA",https://www.indeed.com/viewjob?jk=b7611db933127a20&q=python&l=Springfield%2C+VA&tk=1f7p7rd5rs9v5802&from=web&vjs=3
Web GIS Analyst,Tesla Government,"Falls Church, VA",https://www.indeed.com/viewjob?jk=05d8c393ac61c368&q=python&l=Springfield%2C+VA&tk=1f7p7rd5rs9v5802&from=web&vjs=3
"Mission Data Analyst, Mid",Booz Allen Hamilton,"Reston, VA",https://www.indeed.com/viewjob?jk=e35ef7fe2c0611fb&q=python&l=Springfield%2C+VA&tk=1f7p7rd5rs9v5802&from=web&vjs=3
Junior Software Developer,Noblis,"Washington, DC",https://www.indeed.com/viewjob?jk=48a430a8df82547b&q=python&l=Springfield%2C+VA&tk=1f7p7rd5rs9v5802&from=web&vjs=3
Remote Lead DevOps Engineer CI/CD/CT -Groovy/Python/Jenkins,"ELI , LLC","Washington, DC",https://www.indeed.com/viewjob?jk=18a5a71939f07c35&q=python&l=Springfield%2C+VA&tk=1f7p7rd5rs9v5802&from=web&vjs=3
Jr. Software Developer,Numero Data,"Herndon, VA",https://www.indeed.com/viewjob?jk=4e52e0bfe5a6fabc&q=python&l=Springfield%2C+VA&tk=1f7p7rd5rs9v5802&from=web&vjs=3
Data Center Production Operations Technical Lead,Facebook,"Ashburn, VA",https://www.indeed.com/viewjob?jk=4012eec81e92d60a&q=python&l=Springfield%2C+VA&tk=1f7p7rd5rs9v5802&from=web&vjs=3
"Assistant Director of Operations, MSF Program, McDonough School of Business Georgetown University",Georgetown University,"Washington, DC",https://www.indeed.com/viewjob?jk=13058d9cff9c42c1&q=python&l=Springfield%2C+VA&tk=1f7p7rd5rs9v5802&from=web&vjs=3
"Research Assistant, Economy",American Progress,"Washington, DC",https://www.indeed.com/viewjob?jk=982857402d84d390&q=python&l=Springfield%2C+VA&tk=1f7p7rd5rs9v5802&from=web&vjs=3
ANALYST,FI Consulting,"Arlington, VA",https://www.indeed.com/viewjob?jk=c0d59c428705ed7f&q=python&l=Springfield%2C+VA&tk=1f7p7rd5rs9v5802&from=web&vjs=3
Python Engineer,Intone Networks,"McLean, VA",https://www.indeed.com/viewjob?jk=803df4a5cf4f6d0e&q=python&l=Springfield%2C+VA&tk=1f7p7rd5rs9v5802&from=web&vjs=3
Quality Assurance Engineer,Promontory Interfinancial Network,"Arlington, VA",https://www.indeed.com/viewjob?jk=315e9379748dd730&q=python&l=Springfield%2C+VA&tk=1f7p7rd5rs9v5802&from=web&vjs=3
Python Programmer,adroitts,"Reston, VA",https://www.indeed.com/viewjob?jk=cb7fb4bf688c84fd&q=python&l=Springfield%2C+VA&tk=1f7p7rd5rs9v5802&from=web&vjs=3
Senior Consultant,DR Technologies,"Herndon, VA",https://www.indeed.com/viewjob?jk=5f1cb6c023ac341c&q=python&l=Springfield%2C+VA&tk=1f7p7rd5rs9v5802&from=web&vjs=3
Security Researcher,Rapid7,"Arlington, VA",https://www.indeed.com/viewjob?jk=1483447b708727f2&q=python&l=Springfield%2C+VA&tk=1f7p7rd5rs9v5802&from=web&vjs=3
DevOps Engineer,LOCKHEED MARTIN CORPORATION,"Manassas, VA",https://www.indeed.com/viewjob?jk=a01ba10320ba099c&q=python&l=Springfield%2C+VA&tk=1f7p7rd5rs9v5802&from=web&vjs=3
Data Analyst,Aisle 518,"Washington, DC",https://www.indeed.com/viewjob?jk=eef04331b7aef088&q=python&l=Springfield%2C+VA&tk=1f7p7rd5rs9v5802&from=web&vjs=3
"Financial Technology Instructor - George Washington University (Arlington, VA)",Trilogy Education,"Arlington County, VA",https://www.indeed.com/viewjob?jk=165f273762a6b00f&q=python&l=Springfield%2C+VA&tk=1f7p7rd5rs9v5802&from=web&vjs=3
Global Risk MIS Analyst,Visa,"Arlington, VA",https://www.indeed.com/viewjob?jk=e167353987636ba9&q=python&l=Springfield%2C+VA&tk=1f7p7rd5rs9v5802&from=web&vjs=3
"Research Analyst, E&P",IPA,"Ashburn, VA",https://www.indeed.com/viewjob?jk=720bec9734757794&q=python&l=Springfield%2C+VA&tk=1f7p7rd5rs9v5802&from=web&vjs=3
Application Administrator,Stand Together,"Arlington, VA",https://www.indeed.com/viewjob?jk=4ded6b50596371f3&q=python&l=Springfield%2C+VA&tk=1f7p7rd5rs9v5802&from=web&vjs=3
"Policy Officer, Health",ONE Campaign,"Washington, DC",https://www.indeed.com/viewjob?jk=29b36383e7f96ed5&q=python&l=Springfield%2C+VA&tk=1f7p7rd5rs9v5802&from=web&vjs=3
Signal Processing Engineer,"ENSCO, Inc.","Springfield, VA",https://www.indeed.com/viewjob?jk=2c70ca1db1ae084f&q=python&l=Springfield%2C+VA&tk=1f7p7rd5rs9v5802&from=web&vjs=3
Python Engineer (Remote in US),Thresher,"Arlington, VA",https://www.indeed.com/viewjob?jk=0bb3ba7d767967b9&q=python&l=Springfield%2C+VA&tk=1f7p7rd5rs9v5802&from=web&vjs=3
Research Analyst,PETERSON INSTITUTE FOR INTERNATIONAL ECONOMICS,"Washington, DC",https://www.indeed.com/viewjob?jk=aa7132e414485c35&q=python&l=Springfield%2C+VA&tk=1f7p7rd5rs9v5802&from=web&vjs=3
Survey Data Analyst,Helm,"Washington, DC",https://www.indeed.com/viewjob?jk=7ad083902ffd9260&q=python&l=Springfield%2C+VA&tk=1f7p7rd5rs9v5802&from=web&vjs=3
"Manager, Security Threat Analysis & Response",Cvent,"Tysons Corner, VA",https://www.indeed.com/viewjob?jk=d615bde3762e2190&q=python&l=Springfield%2C+VA&tk=1f7p7rd5rs9v5802&from=web&vjs=3
Network Engineer,ByteDance Inc.,"Ashburn, VA",https://www.indeed.com/viewjob?jk=b8ce98b4b554c7ed&q=python&l=Springfield%2C+VA&tk=1f7p7rd5rs9v5802&from=web&vjs=3
Data Engineer II,Amazon.com Services LLC,"Arlington, VA",https://www.indeed.com/viewjob?jk=0a6385da68c9b343&q=python&l=Springfield%2C+VA&tk=1f7p7rd5rs9v5802&from=web&vjs=3
Senior Security Engineer,ReCharge Payments,"Washington, DC",https://www.indeed.com/viewjob?jk=1afe2119a7ebc488&q=python&l=Springfield%2C+VA&tk=1f7p7rd5rs9v5802&from=web&vjs=3
Cybersecurity Engineer,Booz Allen Hamilton,"Washington, DC",https://www.indeed.com/viewjob?jk=85f7b78db19083a7&q=python&l=Springfield%2C+VA&tk=1f7p7rd5rs9v5802&from=web&vjs=3
Identity and Access Management Engineer (IAM),Peloton,"Washington, DC",https://www.indeed.com/viewjob?jk=4c3cf4b0f7bdcf55&q=python&l=Springfield%2C+VA&tk=1f7p7rd5rs9v5802&from=web&vjs=3
Photogrammetrist (Senior),"TRIAEM, LLC","Springfield, VA",https://www.indeed.com/viewjob?jk=fbb18a251cef0629&q=python&l=Springfield%2C+VA&tk=1f7p7rd5rs9v5802&from=web&vjs=3
Software Developer,"DIGITALSPEC, LLC","Sterling, VA",https://www.indeed.com/viewjob?jk=5b357bf41c3343ca&q=python&l=Springfield%2C+VA&tk=1f7p7rd5rs9v5802&from=web&vjs=3
Spacecraft Communications Engineer,Lynk,"Falls Church, VA",https://www.indeed.com/viewjob?jk=654e64439d028887&q=python&l=Springfield%2C+VA&tk=1f7p7rd5rs9v5802&from=web&vjs=3
Cartographic Analyst,ECS Federal LLC,"Springfield, VA",https://www.indeed.com/viewjob?jk=ca5499268e6e86df&q=python&l=Springfield%2C+VA&tk=1f7p7rd5rs9v5802&from=web&vjs=3
Software Engineer C++ or Python,L3Harris Technologies,"Herndon, VA",https://www.indeed.com/viewjob?jk=970c27c1c1152b95&q=python&l=Springfield%2C+VA&tk=1f7p7rd5rs9v5802&from=web&vjs=3
Security Support Analyst,QOMPLX,"Tysons, VA",https://www.indeed.com/viewjob?jk=4e1ff6a8319bcc7b&q=python&l=Springfield%2C+VA&tk=1f7p7rd5rs9v5802&from=web&vjs=3
Financial Crimes Compliance Senior Managing Consultant,"Berkeley Research Group, LLC","Washington, DC",https://www.indeed.com/viewjob?jk=cd49b6c6192e4d56&q=python&l=Springfield%2C+VA&tk=1f7p7rd5rs9v5802&from=web&vjs=3
Help Desk Systems Administrator,BAO Systems,"Washington, DC",https://www.indeed.com/viewjob?jk=09e06fbf2d224fbe&q=python&l=Springfield%2C+VA&tk=1f7p7rd5rs9v5802&from=web&vjs=3
Senior Data Architect,"Rapport IT Services, LLC","Washington, DC",https://www.indeed.com/viewjob?jk=a8c18d141cb1f56b&q=python&l=Springfield%2C+VA&tk=1f7p7rd5rs9v5802&from=web&vjs=3
Python Developer,"Coretechs Consulting, Inc.","Kensington, MD",https://www.indeed.com/viewjob?jk=735ef835a2e42e21&q=python&l=Springfield%2C+VA&tk=1f7p7rd5rs9v5802&from=web&vjs=3
Sr. Business Analyst,Capital One - US,"McLean, VA",https://www.indeed.com/viewjob?jk=aa985bbe59fc1c61&q=python&l=Springfield%2C+VA&tk=1f7p7rd5rs9v5802&from=web&vjs=3
Software Engineer,"Nexgrid, LLC.","Manassas, VA",https://www.indeed.com/viewjob?jk=cbee13aa2e77da8b&q=python&l=Springfield%2C+VA&tk=1f7p7rd5rs9v5802&from=web&vjs=3
Data Scientist,Trident Systems,"Fairfax, VA",https://www.indeed.com/viewjob?jk=cf20696f7244db3b&q=python&l=Springfield%2C+VA&tk=1f7p7rd5rs9v5802&from=web&vjs=3
Backend Software Engineer,Armament Research Company,"Washington, DC",https://www.indeed.com/viewjob?jk=7bd0100d3ad581ad&q=python&l=Springfield%2C+VA&tk=1f7p7rd5rs9v5802&from=web&vjs=3
"Senior Specialist, Office of the COO",UAM Division of Hyundai Motor Group,"Washington, DC",https://www.indeed.com/viewjob?jk=f14afc0a6b5613ed&q=python&l=Springfield%2C+VA&tk=1f7p7rd5rs9v5802&from=web&vjs=3
"Software Development Engineer- AWS Security, Multiple Locations","Amazon Dev Center U.S., Inc.","Arlington, VA",https://www.indeed.com/viewjob?jk=b61e602cd4c2074d&q=python&l=Springfield%2C+VA&tk=1f7p7rd5rs9v5802&from=web&vjs=3
Forecasting Business Analyst,Amazon.com Services LLC,"Arlington, VA",https://www.indeed.com/viewjob?jk=5a643e996e70e5a9&q=python&l=Springfield%2C+VA&tk=1f7p7rd5rs9v5802&from=web&vjs=3
Early career data scientist / analyst / statistical geneticist,Data Tecnica,"Glen Echo, MD",https://www.indeed.com/viewjob?jk=b6506065408f4f15&q=python&l=Springfield%2C+VA&tk=1f7p7rd5rs9v5802&from=web&vjs=3
Web Developer,CACI,"Chantilly, VA",https://www.indeed.com/viewjob?jk=293ebe9fec561264&q=python&l=Springfield%2C+VA&tk=1f7p7rd5rs9v5802&from=web&vjs=3
Modelling Data Analyst,Transurban Limited,"Tysons, VA",https://www.indeed.com/viewjob?jk=53c52f776126aa47&q=python&l=Springfield%2C+VA&tk=1f7p7rd5rs9v5802&from=web&vjs=3
Security Policy Engineer,Verizon,"Ashburn, VA",https://www.indeed.com/viewjob?jk=1ae22784d50bdfb1&q=python&l=Springfield%2C+VA&tk=1f7p7rd5rs9v5802&from=web&vjs=3
"Data Scientist, Mid",Booz Allen Hamilton,"Washington, DC",https://www.indeed.com/viewjob?jk=9d9dc95866b6d31b&q=python&l=Springfield%2C+VA&tk=1f7p7rd5rs9v5802&from=web&vjs=3
Digital Forensic Examiner with EnCE Certification,Deloitte,"Arlington, VA",https://www.indeed.com/viewjob?jk=60e0f35830a1c5f3&q=python&l=Springfield%2C+VA&tk=1f7p7rd5rs9v5802&from=web&vjs=3
Structures Analyst,Aurora Flight Sciences,"Manassas, VA",https://www.indeed.com/viewjob?jk=c6babe7d5777f232&q=python&l=Springfield%2C+VA&tk=1f7p7rd5rs9v5802&from=web&vjs=3
Senior Python Architect,"H3O Labs, LLC","McLean, VA",https://www.indeed.com/viewjob?jk=a7c2317729229360&q=python&l=Springfield%2C+VA&tk=1f7p7rd5rs9v5802&from=web&vjs=3
Cloud Systems Engineer II,Cvent,"Tysons Corner, VA",https://www.indeed.com/viewjob?jk=8febeab2f312ba58&q=python&l=Springfield%2C+VA&tk=1f7p7rd5rs9v5802&from=web&vjs=3
ETL Big Data Developer,Discovery,"Sterling, VA",https://www.indeed.com/viewjob?jk=c28d7d636421bd72&q=python&l=Springfield%2C+VA&tk=1f7p7rd5rs9v5802&from=web&vjs=3
Advanced GEOINT Analyst - NVA,Thomas & Herbert Consulting LLC,"Fort Belvoir, VA",https://www.indeed.com/viewjob?jk=80afc8389292696e&q=python&l=Springfield%2C+VA&tk=1f7p7rd5rs9v5802&from=web&vjs=3
Personnel Cost Analyst,"CALIBRE Systems, Inc.","Alexandria, VA",https://www.indeed.com/viewjob?jk=0d42b6d8526c15e8&q=python&l=Springfield%2C+VA&tk=1f7p7rd5rs9v5802&from=web&vjs=3
Statistician,Duty First Consulting,"Vienna, VA",https://www.indeed.com/viewjob?jk=9f256565e6ad8411&q=python&l=Springfield%2C+VA&tk=1f7p7rd5rs9v5802&from=web&vjs=3
Homeland Security Analyst (FEMA),Metaphase Consulting,"Washington, DC",https://www.indeed.com/viewjob?jk=1028a963578af2d4&q=python&l=Springfield%2C+VA&tk=1f7p7rd5rs9v5802&from=web&vjs=3
"Research Analyst, Carbon Group",IPA,"Ashburn, VA",https://www.indeed.com/viewjob?jk=c70be2bccfe90ec8&q=python&l=Springfield%2C+VA&tk=1f7p7rd5rs9v5802&from=web&vjs=3
Applications Administrator,Rally Health,"Washington, DC",https://www.indeed.com/viewjob?jk=4c6b801945053bdd&q=python&l=Springfield%2C+VA&tk=1f7p7rd5rs9v5802&from=web&vjs=3
"Senior Associate - Global Finance, Accounting",Capital One - US,"McLean, VA",https://www.indeed.com/viewjob?jk=9fe76ff40509a9b7&q=python&l=Springfield%2C+VA&tk=1f7p7rd5rs9v5802&from=web&vjs=3
"Senior Applications Development Engineer (Hillsboro, OR)",Thermo Fisher Scientific,"Washington, DC",https://www.indeed.com/viewjob?jk=179da3be384553ca&q=python&l=Springfield%2C+VA&tk=1f7p7rd5rs9v5802&from=web&vjs=3
Network Development Engineer II,"Amazon Data Services, Inc.","Herndon, VA",https://www.indeed.com/viewjob?jk=16f3d725a2d58150&q=python&l=Springfield%2C+VA&tk=1f7p7rd5rs9v5802&from=web&vjs=3
Senior System Administrator,Middle East Broadcasting Networks Inc.,"Springfield, VA",https://www.indeed.com/viewjob?jk=77a0f9cf0349f9a7&q=python&l=Springfield%2C+VA&tk=1f7p7rd5rs9v5802&from=web&vjs=3
Cybersecurity Policy and Strategy Mobility and Endpoint Analyst,Booz Allen Hamilton,"Alexandria, VA",https://www.indeed.com/viewjob?jk=a1c7fa6e90b6ec22&q=python&l=Springfield%2C+VA&tk=1f7p7rd5rs9v5802&from=web&vjs=3
MuleSoft Integration Developer,Freddie Mac,"McLean, VA",https://www.indeed.com/viewjob?jk=5e56dd51d0b3ffdf&q=python&l=Springfield%2C+VA&tk=1f7p7rd5rs9v5802&from=web&vjs=3
"Research Scientist, Demography and Survey Sciences",Facebook,"Washington, DC",https://www.indeed.com/viewjob?jk=55354d92999522f9&q=python&l=Springfield%2C+VA&tk=1f7p7rd5rs9v5802&from=web&vjs=3
